﻿<?xml version="1.0" encoding="utf-8" standalone="no" ?>
<!-- 
	Usage:

	To localize the description, use the following format for the description element.
	<description>
	<text xml:lang="en">English App description goes here</text>
	<text xml:lang="fr">French App description goes here</text>
	<text xml:lang="ja">Japanese App description goes here</text>
	</description>

	To localize the name, use the following format for the name element.
	<name>
	<text xml:lang="en">English App name goes here</text>
	<text xml:lang="fr">French App name goes here</text>
	<text xml:lang="ja">Japanese App name goes here</text>
	</name>
-->
<application xmlns="http://ns.adobe.com/air/application/29.0">
  <id>MainBarcodeScene</id>
  <versionNumber>1.0.0</versionNumber>
  <versionLabel/>
  <filename>Main_Barcode_Scene</filename>
  <description/>
  <name>Main_Barcode_Scene</name>
  <copyright/>
  <initialWindow>
    <content>Main_Barcode_Scene.swf</content>
    <systemChrome>standard</systemChrome>
    <transparent>false</transparent>
    <visible>true</visible>
    <fullScreen>false</fullScreen>
    <aspectRatio>portrait</aspectRatio>
    <renderMode>cpu</renderMode>
    <autoOrients>false</autoOrients></initialWindow>
  <icon/>
  <customUpdateUI>false</customUpdateUI>
  <allowBrowserInvocation>false</allowBrowserInvocation>
  
  <android>
		
        <manifestAdditions><![CDATA[<manifest android:installLocation="auto">
		
			<uses-permission android:name="android.permission.INTERNET" />
	<uses-permission android:name="android.permission.ACCESS_NETWORK_STATE"/>
    <uses-permission android:name="com.android.alarm.permission.SET_ALARM" />
    <uses-permission android:name="android.permission.VIBRATE" />

    <!--
        Required if you want to play a custom notification sound on File.DocumentsDirectory
        If you are doing this, make sure you have asked for the permission from users using
        our permissionCheck ANE. http://bit.ly/2u4q6Vv
    -->
    <uses-permission android:name="android.permission.WRITE_EXTERNAL_STORAGE" />
	<uses-permission android:name="android.permission.WAKE_LOCK" />
	<uses-permission android:name="android.permission.RECEIVE_BOOT_COMPLETED" />
            <uses-permission android:name="android.permission.INTERNET" />
            <!--You surely need permission to use the camera, right?-->
            <uses-permission android:name="android.permission.CAMERA" />
            <uses-feature android:name="android.hardware.camera" />
            <uses-feature android:name="android.hardware.camera.autofocus" android:required="false" />
            <uses-feature android:name="android.hardware.screen.landscape" />
            <!--If you wish to use the vibration when a barcode is detected, you need to set the permission like below-->
            <uses-permission android:name="android.permission.VIBRATE"/>
            <!--Android 15 or higher can support this ANE-->
            <uses-sdk android:minSdkVersion="15" />
            <!--The new Permission thing on Android works ONLY if you are targetting Android SDK 23 or higher-->
            <uses-sdk android:targetSdkVersion="23"/>
            <!--Zxing lib requires you to set this screen supports-->
            <supports-screens 	android:anyDensity="true"
                android:largeScreens="true"
                android:normalScreens="true"
                android:smallScreens="true"
                android:xlargeScreens="true" />
            <application>
            <activity>
                <intent-filter>
                    <action android:name="android.intent.action.MAIN" />
                    <category android:name="android.intent.category.LAUNCHER" />
                </intent-filter>
                <intent-filter>
                    <action android:name="android.intent.action.VIEW" />
                    <category android:name="android.intent.category.BROWSABLE" />
                    <category android:name="android.intent.category.DEFAULT" />
                </intent-filter>
				<intent-filter>
				<action android:name="android.intent.action.MAIN" />
				<category android:name="android.intent.category.LAUNCHER" />
			</intent-filter>
			<intent-filter>
				<action android:name="android.intent.action.VIEW" />
				<category android:name="android.intent.category.BROWSABLE" />
				<category android:name="android.intent.category.DEFAULT" />
                <data android:scheme="air.com.doitflash.localNotification" />
			</intent-filter>
            </activity>
            <!--Main activity for detecting barcodes-->
            <activity 	android:name="com.google.zxing.client.android.CaptureActivity"
                android:clearTaskOnLaunch="true"
                android:screenOrientation="landscape"
                android:configChanges="orientation|keyboardHidden"
                android:stateNotNeeded="true"
                android:theme="@android:style/Theme.NoTitleBar.Fullscreen"
                android:windowSoftInputMode="stateAlwaysHidden" />
            <!--bridge activity between Native Android and Adobe Air-->
            <activity 	android:name="com.doitflash.barcode.utils.ExBridge"
            android:theme="@style/Theme.Transparent" />
			
			<receiver android:name="com.myflashlabs.localNotifi.Alarm" />

        <receiver android:name="com.myflashlabs.localNotifi.RebootRescheduleNotifications">
				<intent-filter>
					<action android:name="android.intent.action.BOOT_COMPLETED" />
				</intent-filter>
		</receiver>
            </application>
            </manifest>]]></manifestAdditions>
    </android>
  

  
  
  
  
  
  
  
  
  
  
  <extensions>
    <extensionID>com.myflashlab.air.extensions.dependency.androidSupport</extensionID>
    <extensionID>com.myflashlab.air.extensions.dependency.overrideAir</extensionID>
    <extensionID>com.myflashlab.air.extensions.barcode</extensionID>
    <extensionID>com.myflashlab.air.extensions.permissionCheck</extensionID>
    <extensionID>com.myflashlab.air.extensions.localNotification</extensionID>
  </extensions>
</application>
