<?xml version="1.0" encoding="utf-8" standalone="no" ?>
<!-- 
	Usage:

	To localize the description, use the following format for the description element.
	<description>
	<text xml:lang="en">English App description goes here</text>
	<text xml:lang="fr">French App description goes here</text>
	<text xml:lang="ja">Japanese App description goes here</text>
	</description>

	To localize the name, use the following format for the name element.
	<name>
	<text xml:lang="en">English App name goes here</text>
	<text xml:lang="fr">French App name goes here</text>
	<text xml:lang="ja">Japanese App name goes here</text>
	</name>
-->
<application xmlns="http://ns.adobe.com/air/application/26.0">
  <id>SnoozeApp</id>
  <versionNumber>1.0.0</versionNumber>
  <versionLabel/>
  <filename>SnoozeApp</filename>
  <description/>
  <name>SnoozeApp</name>
  <copyright/>
  <initialWindow>
    <content>SnoozeApp.swf</content>
    <systemChrome>standard</systemChrome>
    <transparent>false</transparent>
    <visible>true</visible>
    <fullScreen>false</fullScreen>
    <aspectRatio>portrait</aspectRatio>
    <renderMode>direct</renderMode>
    <autoOrients>false</autoOrients></initialWindow>
  <icon/>
  <customUpdateUI>false</customUpdateUI>
  <allowBrowserInvocation>false</allowBrowserInvocation>
  
  
  
  
  
  
  
  
  
  
  
  
  
  
  
  
  
  
  
  
  
  
  
  
  
  
  
  
  
  
  
  
  
  
  
  
  
  
  
  
  
  
  
  
  
  
  
  
  
  
  
  
  
  
  
  
  
  
  
  <extensions>
    <extensionID>com.myflashlab.air.extensions.localNotification</extensionID>
  </extensions>
</application>
